{
  "mae_sbp": 11.97716042666193,
  "mae_dbp": 5.650340990884552,
  "rmse_sbp": 16.404120914146596,
  "rmse_dbp": 6.953805384361002,
  "n_train": 1530,
  "n_test": 450,
  "n_features": 10
}