{
  "mae_sbp": 10.25304254920908,
  "mae_dbp": 6.622347650340492,
  "rmse_sbp": 14.260939391412188,
  "rmse_dbp": 8.38934613942649,
  "within_5mmhg_sbp": 0.4166666666666667,
  "within_5mmhg_dbp": 0.5833333333333334,
  "per_subject_mae_sbp_mean": 10.253042549209079,
  "per_subject_mae_sbp_std": 9.278503577814257,
  "per_subject_mae_dbp_mean": 6.622347650340492,
  "per_subject_mae_dbp_std": 3.604331548141935,
  "n_train_fit": 1020,
  "n_calib": 0,
  "n_test": 300,
  "n_features": 18,
  "split_method": "group_by_subject",
  "feature_mode": "esp32_single_ppg",
  "model_kind": "simple_extratrees",
  "meta_learner": null,
  "optuna_trials": 0,
  "base_estimators": [
    "extratrees"
  ],
  "live_schema_compatible": true,
  "window_s": 8.0,
  "max_windows_per_record": 20,
  "physionet_source": "wfdb",
  "optuna_available": false,
  "target_sbp_met": false,
  "target_dbp_met": false,
  "loso_mae_sbp": 10.189283202182425,
  "loso_mae_dbp": 7.095364396759189,
  "loso_mae_sbp_std": 9.430990748717587,
  "loso_mae_dbp_std": 5.067919984508942,
  "loso_n_subjects": 22
}